Insert into Volunteer values (000, "Robert", "Collier", "Rob", "403-210-8483", '1983-02-03');
Insert into Volunteer values (001, "Emily", "Chow", "Em", "403-123-4567", '1994-05-08');
Insert into Volunteer values (002, "Delphine", "Prinet", null, "403-325-1554", '1996-09-24');
Insert into Volunteer values (003, "Katherine", "Underwood", "Katie", "403-214-6458", '1993-12-12');
Insert into Volunteer values (004, "Marcus", "Stewart", null, "403-357-1626", '1992-05-15');
Insert into Volunteer values (005, "Max", "Collington", "Maxy", "403-456-7890", '1990-11-30');
Insert into Volunteer values (006, "George", "Cardin", null, "403-938-2942", '1989-12-01');
Insert into Volunteer values (007, "Alexia", "Ashton", "Al", "403-966-2962", '1982-06-05');
Insert into Volunteer values (008, "Samantha", "Warren", "Sam", "403-352-5528", '1985-04-20');
Insert into Volunteer values (009, "Mitchell", "Warren", "Mitch", "403-352-5528", '1988-07-26');
Insert into Volunteer values (010, "Nancy", "Keyha", null, "403-965-5457", '1983-02-19');
Insert into Volunteer values (011, "Max", "Behoold", null, "403-691-2691", '1962-02-19');
Insert into Volunteer values (012, "Sam", "Cardin", null, "403-962-6269", '1992-10-29');
Insert into Volunteer values (013, "Mark", "Ha", null, "403-655-5548", '1990-10-20');
Insert into Volunteer values (014, "Henry", "Khuu", null, "403-291-6910", '1992-02-16');
Insert into Volunteer values (015, "Nancy", "Harleyson", null, "403-691-2691", '1959-06-21');
Insert into Volunteer values (016, "Kat", "Shae", null, "403-196-2000", '1990-06-12');
Insert into Volunteer values (017, "Ryan", "Lam", "Pinapple-kun", "403-444-4444", '1991-04-01');

Insert into VolunteerComments values (006, "Hard worker");
Insert into VolunteerComments values (007, "Hard worker");
Insert into VolunteerComments values (008, "BLACKLISTED at 2014 Aurora");
Insert into VolunteerComments values (013, "BLACKLISTED at 2014 Aurora");
Insert into VolunteerComments values (016, "Senior volunteer");
Insert into VolunteerComments values (017, "Keener");

Insert into Supervises values (000, 001, "Otafest 2013");
Insert into Supervises values (000, 002, "Otafest 2013");
Insert into Supervises values (000, 003, "Otafest 2013");
Insert into Supervises values (000, 004, "Otafest 2013");
Insert into Supervises values (001, 007, "Otafest 2013");
Insert into Supervises values (004, 014, "Otafest 2013");
Insert into Supervises values (000, 001, "Otafest Aurora 2013");
Insert into Supervises values (000, 002, "Otafest Aurora 2013");
Insert into Supervises values (000, 003, "Otafest Aurora 2013");
Insert into Supervises values (000, 004, "Otafest Aurora 2013");
Insert into Supervises values (002, 011, "Otafest Aurora 2013");
Insert into Supervises values (003, 012, "Otafest Aurora 2013");
Insert into Supervises values (004, 014, "Otafest Aurora 2013");
Insert into Supervises values (000, 001, "Otafest 2014");
Insert into Supervises values (000, 003, "Otafest 2014");
Insert into Supervises values (000, 004, "Otafest 2014");
Insert into Supervises values (001, 005, "Otafest 2014");
Insert into Supervises values (001, 006, "Otafest 2014");
Insert into Supervises values (001, 007, "Otafest 2014");
Insert into Supervises values (001, 016, "Otafest 2014");
Insert into Supervises values (004, 013, "Otafest 2014");
Insert into Supervises values (004, 015, "Otafest 2014");
Insert into Supervises values (000, 001, "Otafest Aurora 2014");
Insert into Supervises values (000, 003, "Otafest Aurora 2014");
Insert into Supervises values (000, 004, "Otafest Aurora 2014");
Insert into Supervises values (001, 005, "Otafest Aurora 2014");
Insert into Supervises values (001, 006, "Otafest Aurora 2014");
Insert into Supervises values (001, 016, "Otafest Aurora 2014");
Insert into Supervises values (003, 011, "Otafest Aurora 2014");
Insert into Supervises values (004, 015, "Otafest Aurora 2014");

Insert into EmergencyContact values ("Chris Killian", 001, '403-952-3594', "Uncle");
Insert into EmergencyContact values ("Alice Mitchill", 002, '403-392-5925', "Aunt");
Insert into EmergencyContact values ("Khobaib Zaamout", 003, '403-123-1230', "Uncle");
Insert into EmergencyContact values ("Rob Micardo", 004, '403-262-7936', "Father");
Insert into EmergencyContact values ("Kevin Cardin", 006, '403-938-2942', "Father");
Insert into EmergencyContact values ("Samantha Ashton", 007, '403-966-2962', "Mother");
Insert into EmergencyContact values ("Cathy Richardson", 008, '403-244-2164', "Mother");
Insert into EmergencyContact values ("Johnny Smith", 009, '403-581-5181', "Father");
Insert into EmergencyContact values ("Milch O'Brien", 010, '403-292-6920', "Brother");
Insert into EmergencyContact values ("Johnny Smith", 011, '403-581-5181', "Uncle");
Insert into EmergencyContact values ("John Carrington", 012, '403-169-6921', "Father");
Insert into EmergencyContact values ("Marian Serateed", 013, '403-159-6921', "Mother");
Insert into EmergencyContact values ("Alice Mitchell", 014, '403-391-5925', "Aunt");
Insert into EmergencyContact values ("Sarah O'Neil", 015, '403-692-6919', "Sister");
Insert into EmergencyContact values ("Samantha Shae", 016, '403-196-1611', "Mother");
Insert into EmergencyContact values ("Richard Hun", 017, '403-902-6920', "Uncle");

Insert into Venue values ("University of Calgary - Main Campus", "2500 University Drive NW", "T2N 1N4", "Joanne", '403-291-6915', 004);
Insert into Venue values ("SAIT Polytechnic", "1301 16 Avenue NW", "T2M 0L4", "Murray", '403-298-6929', 004);
Insert into Venue values ("University of Calgary - Downtown Campus", "906 8th Avenue SW", "T2P 1H9", "Kris", '403-186-2968',004);

Insert into Convention values ("Otafest 2013", "University of Calgary - Main Campus", "2013-05-16", "2013-05-18");
Insert into Convention values ("Otafest Aurora 2013", "University of Calgary - Downtown Campus", "2013-11-19", "2013-11-19");
Insert into Convention values ("Otafest 2014", "University of Calgary - Main Campus", "2014-05-16", "2014-05-18");
Insert into Convention values ("Otafest Aurora 2014", "SAIT Polytechnic", "2014-11-29", "2014-11-29");

Insert into Department values ("Admissions", 001, 36, "Otafest 2013");
Insert into Department values ("Artist Alley", 002, 20, "Otafest 2013");
Insert into Department values ("Bag Check", 003, 36, "Otafest 2013");
Insert into Department values ("Photo Booth", 003, 16, "Otafest 2013");
Insert into Department values ("Policy Enforcement", 004, 25, "Otafest 2013");
Insert into Department values ("Special Events", 000, 41, "Otafest 2013");
Insert into Department values ("Vendors", 002, 42, "Otafest 2013");
Insert into Department values ("Admissions", 004, 10, "Otafest Aurora 2013");
Insert into Department values ("Artist Alley", 002, 12, "Otafest Aurora 2013");
Insert into Department values ("Bag Check", 001, 12, "Otafest Aurora 2013");
Insert into Department values ("Merchandise", 000, 12, "Otafest Aurora 2013");
Insert into Department values ("Photo Booth", 001, 5, "Otafest Aurora 2013");
Insert into Department values ("Policy Enforcement", 000, 18, "Otafest Aurora 2013");
Insert into Department values ("Special Events", 001, 16, "Otafest Aurora 2013");
Insert into Department values ("Vendors", 002, 16, "Otafest Aurora 2013");
Insert into Department values ("Admissions", 003, 42, "Otafest 2014");
Insert into Department values ("Artist Alley", 001, 22, "Otafest 2014");
Insert into Department values ("Bag Check", 002, 32, "Otafest 2014");
Insert into Department values ("Merchandise", 000, 20, "Otafest 2014");
Insert into Department values ("Photo Booth", 003, 10, "Otafest 2014");
Insert into Department values ("Policy Enforcement", 002, 34, "Otafest 2014");
Insert into Department values ("Special Events", 005, 27, "Otafest 2014");
Insert into Department values ("Vendors", 003, 26, "Otafest 2014");
Insert into Department values ("Volunteers", 001, 1, "Otafest 2014");
Insert into Department values ("Admissions", 002, 19, "Otafest Aurora 2014");
Insert into Department values ("Artist Alley", 001, 15, "Otafest Aurora 2014");
Insert into Department values ("Bag Check", 003, 18, "Otafest Aurora 2014");
Insert into Department values ("Merchandise", 000, 20, "Otafest Aurora 2014");
Insert into Department values ("Photo Booth", 002, 18, "Otafest Aurora 2014");
Insert into Department values ("Policy Enforcement", 001, 31, "Otafest Aurora 2014");
Insert into Department values ("Special Events", 001, 28, "Otafest Aurora 2014");
Insert into Department values ("Vendors", 004, 20, "Otafest Aurora 2014");
Insert into Department values ("Volunteers", 001, 1, "Otafest Aurora 2014");

Insert into VolunteerAppliesFor values (005, "Merchandise", "2013-11-19 8:00:00", "2013-11-19 12:00:00", "Otafest Aurora 2013");
Insert into VolunteerAppliesFor values (005, "Vendors", "2013-11-19 12:00:00", "2013-11-19 16:00:00", "Otafest Aurora 2013");
Insert into VolunteerAppliesFor values (005, "Special Events", "2014-05-17 16:00:00", "2014-05-17 20:00:00", "Otafest 2014");
Insert into VolunteerAppliesFor values (005, "Bag Check", "2014-05-18 8:00:00", "2014-05-18 12:00:00", "Otafest 2014");
Insert into VolunteerAppliesFor values (005, "Admissions", "2014-05-17 12:00:00", "2014-05-17 16:00:00", "Otafest 2014");
Insert into VolunteerAppliesFor values (005, "Policy Enforcement", "2014-05-17 16:00:00", "2014-05-17 20:00:00", "Otafest 2014");
Insert into VolunteerAppliesFor values (006, "Merchandise", "2014-05-18 8:00:00", "2014-05-18 12:00:00", "Otafest 2014");
Insert into VolunteerAppliesFor values (006, "Merchandise", "2014-05-18 12:00:00", "2014-05-18 16:00:00", "Otafest 2014");
Insert into VolunteerAppliesFor values (006, "Admissions", "2014-05-17 8:00:00", "2014-05-17 12:00:00", "Otafest 2014");
Insert into VolunteerAppliesFor values (006, "Bag Check", "2014-05-17 12:00:00", "2014-05-17 16:00:00", "Otafest 2014");
Insert into VolunteerAppliesFor values (006, "Photo Booth", "2014-11-29 8:00:00", "2014-11-29 12:00:00", "Otafest Aurora 2014");
Insert into VolunteerAppliesFor values (006, "Special Events", "2014-11-29 16:00:00", "2014-11-29 20:00:00", "Otafest Aurora 2014");
Insert into VolunteerAppliesFor values (007, "Artist Alley", "2013-05-18 8:00:00", "2013-05-18 12:00:00", "Otafest 2013");
Insert into VolunteerAppliesFor values (007, "Bag Check", "2013-05-18 16:00:00", "2013-05-18 20:00:00", "Otafest 2013");
Insert into VolunteerAppliesFor values (007, "Admissions", "2013-11-19 8:00:00", "2013-11-19 12:00:00", "Otafest Aurora 2013");
Insert into VolunteerAppliesFor values (007, "Special Events", "2013-11-19 16:00:00", "2014-11-19 20:00:00", "Otafest Aurora 2013");
Insert into VolunteerAppliesFor values (007, "Merchandise", "2014-05-16 16:00:00", "2014-05-16 20:00:00", "Otafest 2014");
Insert into VolunteerAppliesFor values (007, "Policy Enforcement", "2014-05-16 20:00:00", "2014-05-17 00:00:00", "Otafest 2014");
Insert into VolunteerAppliesFor values (007, "Bag Check", "2014-05-17 8:00:00", "2014-05-17 12:00:00", "Otafest 2014");
Insert into VolunteerAppliesFor values (007, "Photo Booth", "2014-05-17 12:00:00", "2014-05-17 16:00:00", "Otafest 2014");
Insert into VolunteerAppliesFor values (008, "Bag Check", "2014-05-17 12:00:00", "2014-05-17 16:00:00", "Otafest 2014");
Insert into VolunteerAppliesFor values (008, "Vendors", "2014-05-18 12:00:00", "2014-05-18 16:00:00", "Otafest 2014");
Insert into VolunteerAppliesFor values (008, "Policy Enforcement", "2014-11-29 12:00:00", "2014-11-29 16:00:00", "Otafest Aurora 2014");
Insert into VolunteerAppliesFor values (008, "Policy Enforcement", "2014-11-29 16:00:00", "2014-11-29 20:00:00", "Otafest Aurora 2014");
Insert into VolunteerAppliesFor values (009, "Bag Check", "2014-11-29 8:00:00", "2014-11-29 12:00:00", "Otafest Aurora 2014");
Insert into VolunteerAppliesFor values (009, "Bag Check", "2014-11-29 12:00:00", "2014-11-29 16:00:00", "Otafest Aurora 2014");
Insert into VolunteerAppliesFor values (010, "Vendors", "2014-05-17 12:00:00", "2013-05-17 16:00:00", "Otafest 2014");
Insert into VolunteerAppliesFor values (010, "Bag Check", "2014-05-17 16:00:00", "2014-05-17 20:00:00", "Otafest 2014");
Insert into VolunteerAppliesFor values (010, "Bag Check", "2014-05-18 12:00:00", "2014-05-18 16:00:00", "Otafest 2014");
Insert into VolunteerAppliesFor values (011, "Admissions", "2013-05-16 16:00:00", "2013-05-16 20:00:00", "Otafest 2013");
Insert into VolunteerAppliesFor values (011, "Bag Check", "2013-05-17 12:00:00", "2013-05-17 16:00:00", "Otafest 2013");
Insert into VolunteerAppliesFor values (011, "Policy Enforcement", "2013-05-18 12:00:00", "2013-05-18 16:00:00", "Otafest 2013");
Insert into VolunteerAppliesFor values (011, "Merchandise", "2013-11-19 12:00:00", "2013-11-19 16:00:00", "Otafest Aurora 2013");
Insert into VolunteerAppliesFor values (011, "Special Events", "2013-11-19 16:00:00", "2013-11-19 20:00:00", "Otafest Aurora 2013");
Insert into VolunteerAppliesFor values (011, "Admissions", "2014-11-29 8:00:00", "2014-11-29 12:00:00", "Otafest Aurora 2014");
Insert into VolunteerAppliesFor values (011, "Photo Booth", "2014-11-29 12:00:00", "2014-11-29 16:00:00", "Otafest Aurora 2014");
Insert into VolunteerAppliesFor values (012, "Policy Enforcement", "2013-11-19 8:00:00", "2013-11-19 12:00:00", "Otafest Aurora 2013");
Insert into VolunteerAppliesFor values (012, "Vendors", "2013-11-19 12:00:00", "2013-11-19 16:00:00", "Otafest Aurora 2013");
Insert into VolunteerAppliesFor values (012, "Policy Enforcement", "2013-11-19 16:00:00", "2013-11-19 20:00:00", "Otafest Aurora 2013");
Insert into VolunteerAppliesFor values (013, "Photo Booth", "2014-05-17 16:00:00", "2014-05-17 20:00:00", "Otafest 2014");
Insert into VolunteerAppliesFor values (013, "Policy Enforcement", "2014-05-16 12:00:00", "2014-05-16 16:00:00", "Otafest 2014");
Insert into VolunteerAppliesFor values (013, "Policy Enforcement", "2014-05-16 16:00:00", "2014-05-17 00:00:00", "Otafest 2014");
Insert into VolunteerAppliesFor values (014, "Artist Alley", "2013-05-17 12:00:00", "2013-05-17 16:00:00", "Otafest 2013");
Insert into VolunteerAppliesFor values (014, "Artist Alley", "2013-05-18 12:00:00", "2013-05-18 12:00:00", "Otafest 2013");
Insert into VolunteerAppliesFor values (014, "Artist Alley", "2013-05-18 16:00:00", "2013-05-18 20:00:00", "Otafest 2013");
Insert into VolunteerAppliesFor values (014, "Admissions", "2013-11-19 8:00:00", "2013-11-19 12:00:00", "Otafest Aurora 2013");
Insert into VolunteerAppliesFor values (014, "Bag Check", "2013-11-19 16:00:00", "2013-11-19 20:00:00", "Otafest Aurora 2013");
Insert into VolunteerAppliesFor values (015, "Bag Check", "2014-05-17 16:00:00", "2014-05-17 20:00:00", "Otafest 2014");
Insert into VolunteerAppliesFor values (015, "Vendors", "2014-05-18 8:00:00", "2014-05-18 12:00:00", "Otafest 2014");
Insert into VolunteerAppliesFor values (015, "Artist Alley", "2014-05-18 16:00:00", "2014-05-18 20:00:00", "Otafest 2014");
Insert into VolunteerAppliesFor values (015, "Special Events", "2014-11-29 16:00:00", "2014-11-29 20:00:00", "Otafest Aurora 2014");
Insert into VolunteerAppliesFor values (015, "Policy Enforcement", "2014-11-29 20:00:00", "2014-11-30 00:00:00", "Otafest Aurora 2014");
Insert into VolunteerAppliesFor values (017, "Admissions", "2014-05-17 16:00:00", "2014-05-17 20:00:00", "Otafest 2014");
Insert into VolunteerAppliesFor values (017, "Policy Enforcement", "2014-05-17 20:00:00", "2014-05-18 00:00:00", "Otafest 2014");
Insert into VolunteerAppliesFor values (017, "Bag Check", "2014-05-18 8:00:00", "2014-05-18 12:00:00", "Otafest 2014");
Insert into VolunteerAppliesFor values (017, "Merchandise", "2014-05-18 12:00:00", "2014-05-18 16:00:00", "Otafest 2014");
Insert into VolunteerAppliesFor values (017, "Photo Booth", "2014-05-18 16:00:00", "2014-05-18 20:00:00", "Otafest 2014");
Insert into VolunteerAppliesFor values (017, "Special Events", "2014-05-18 20:00:00", "2014-05-19 00:00:00", "Otafest 2014");
Insert into VolunteerAppliesFor values (017, "Vendors", "2014-05-18 8:00:00", "2014-05-18 12:00:00", "Otafest 2014");
Insert into VolunteerAppliesFor values (017, "Volunteers", "2014-05-18 12:00:00", "2014-05-18 16:00:00", "Otafest 2014");
Insert into VolunteerAppliesFor values (017, "Special Events", "2014-05-18 16:00:00", "2014-05-18 20:00:00", "Otafest 2014");
Insert into VolunteerAppliesFor values (017, "Policy Enforcement", "2014-05-18 20:00:00", "2014-05-19 00:00:00", "Otafest 2014");

Insert into VolunteerWorks values (005, "Merchandise", "2013-11-19 8:00:00", "2013-11-19 12:00:00", "Otafest Aurora 2013");
Insert into VolunteerWorks values (005, "Bag Check", "2013-11-19 12:00:00", "2013-11-19 16:00:00", "Otafest Aurora 2013");
Insert into VolunteerWorks values (005, "Special Events", "2014-05-17 20:00:00", "2014-05-18 00:00:00", "Otafest 2014");
Insert into VolunteerWorks values (005, "Bag Check", "2014-05-18 8:00:00", "2014-05-18 12:00:00", "Otafest 2014");
Insert into VolunteerWorks values (005, "Policy Enforcement", "2014-05-18 12:00:00", "2014-05-18 16:00:00", "Otafest 2014");
Insert into VolunteerWorks values (006, "Admissions", "2014-05-18 8:00:00", "2014-05-18 12:00:00", "Otafest 2014");
Insert into VolunteerWorks values (006, "Merchandise", "2014-05-18 12:00:00", "2014-05-18 16:00:00", "Otafest 2014");
Insert into VolunteerWorks values (006, "Merchandise", "2014-05-18 8:00:00", "2014-05-18 12:00:00", "Otafest 2014");
Insert into VolunteerWorks values (006, "Admissions", "2014-05-18 12:00:00", "2014-05-18 16:00:00", "Otafest 2014");
Insert into VolunteerWorks values (007, "Artist Alley", "2013-05-18 8:00:00", "2013-05-18 12:00:00", "Otafest 2013");
Insert into VolunteerWorks values (007, "Bag Check", "2013-05-18 16:00:00", "2013-05-18 20:00:00", "Otafest 2013");
Insert into VolunteerWorks values (007, "Merchandise", "2014-05-16 12:00:00", "2014-05-16 16:00:00", "Otafest 2014");
Insert into VolunteerWorks values (007, "Admissions", "2014-05-17 16:00:00", "2014-05-17 20:00:00", "Otafest 2014");
Insert into VolunteerWorks values (008, "Bag Check", "2014-05-17 12:00:00", "2014-05-17 16:00:00", "Otafest 2014");
Insert into VolunteerWorks values (008, "Merchandise", "2014-05-18 12:00:00", "2014-05-18 16:00:00", "Otafest 2014");
Insert into VolunteerWorks values (008, "Admissions", "2014-11-29 12:00:00", "2014-11-29 16:00:00", "Otafest Aurora 2014");
Insert into VolunteerWorks values (008, "Admissions", "2014-11-29 16:00:00", "2014-11-29 20:00:00", "Otafest Aurora 2014");
Insert into VolunteerWorks values (009, "Bag Check", "2014-11-29 8:00:00", "2014-11-29 12:00:00", "Otafest Aurora 2014");
Insert into VolunteerWorks values (009, "Bag Check", "2014-11-29 12:00:00", "2014-11-29 16:00:00", "Otafest Aurora 2014");
Insert into VolunteerWorks values (010, "Bag Check", "2014-05-17 12:00:00", "2013-05-17 16:00:00", "Otafest 2014");
Insert into VolunteerWorks values (010, "Vendors", "2014-05-18 12:00:00", "2014-05-18 16:00:00", "Otafest 2014");
Insert into VolunteerWorks values (011, "Bag Check", "2013-05-17 12:00:00", "2013-05-17 16:00:00", "Otafest 2013");
Insert into VolunteerWorks values (011, "Special Events", "2013-05-18 12:00:00", "2013-05-18 16:00:00", "Otafest 2013");
Insert into VolunteerWorks values (011, "Merchandise", "2013-11-19 12:00:00", "2013-11-19 16:00:00", "Otafest Aurora 2013");
Insert into VolunteerWorks values (011, "Special Events", "2013-11-19 16:00:00", "2013-11-19 20:00:00", "Otafest Aurora 2013");
Insert into VolunteerWorks values (011, "Special Events", "2014-11-29 8:00:00", "2014-11-29 12:00:00", "Otafest Aurora 2014");
Insert into VolunteerWorks values (011, "Photo Booth", "2014-11-29 12:00:00", "2014-11-29 16:00:00", "Otafest Aurora 2014");
Insert into VolunteerWorks values (012, "Policy Enforcement", "2013-11-19 8:00:00", "2013-11-19 12:00:00", "Otafest Aurora 2013");
Insert into VolunteerWorks values (012, "Vendors", "2013-11-19 12:00:00", "2013-11-19 16:00:00", "Otafest Aurora 2013");
Insert into VolunteerWorks values (012, "Policy Enforcement", "2013-11-19 16:00:00", "2013-11-19 20:00:00", "Otafest Aurora 2013");
Insert into VolunteerWorks values (013, "Photo Booth", "2014-05-17 12:00:00", "2014-05-17 16:00:00", "Otafest 2014");
Insert into VolunteerWorks values (013, "Policy Enforcement", "2014-05-18 16:00:00", "2014-06-19 00:00:00", "Otafest 2014");
Insert into VolunteerWorks values (014, "Artist Alley", "2013-05-17 12:00:00", "2013-05-17 16:00:00", "Otafest 2013");
Insert into VolunteerWorks values (014, "Vendors", "2013-05-18 12:00:00", "2013-05-18 12:00:00", "Otafest 2013");
Insert into VolunteerWorks values (014, "Vendors", "2013-05-18 16:00:00", "2013-05-18 20:00:00", "Otafest 2013");
Insert into VolunteerWorks values (014, "Admissions", "2013-11-19 8:00:00", "2013-11-19 12:00:00", "Otafest Aurora 2013");
Insert into VolunteerWorks values (014, "Bag Check", "2013-11-19 16:00:00", "2013-11-19 20:00:00", "Otafest Aurora 2013");
Insert into VolunteerWorks values (015, "Special Events", "2014-05-18 16:00:00", "2014-05-18 20:00:00", "Otafest 2014");
Insert into VolunteerWorks values (015, "Special Events", "2014-11-29 16:00:00", "2014-11-29 20:00:00", "Otafest Aurora 2014");
Insert into VolunteerWorks values (015, "Policy Enforcement", "2014-11-29 20:00:00", "2014-11-30 00:00:00", "Otafest Aurora 2014");
Insert into VolunteerWorks values (016, "Volunteers", "2014-05-17 16:00:00", "2014-05-17 20:00:00", "Otafest 2014");
Insert into VolunteerWorks values (016, "Volunteers", "2014-05-18 8:00:00", "2014-05-18 20:00:00", "Otafest 2014");
Insert into VolunteerWorks values (016, "Volunteers", "2014-05-18 12:00:00", "2014-05-18 20:00:00", "Otafest 2014");
Insert into VolunteerWorks values (016, "Volunteers", "2014-11-29 8:00:00", "2014-11-29 20:00:00", "Otafest Aurora 2014");
Insert into VolunteerWorks values (017, "Bag Check", "2014-05-18 8:00:00", "2014-05-18 12:00:00", "Otafest 2014");
Insert into VolunteerWorks values (017, "Merchandise", "2014-05-18 12:00:00", "2014-05-18 16:00:00", "Otafest 2014");
Insert into VolunteerWorks values (017, "Special Events", "2014-05-18 20:00:00", "2014-05-19 00:00:00", "Otafest 2014");
Insert into VolunteerWorks values (017, "Vendors", "2014-05-17 8:00:00", "2014-05-17 12:00:00", "Otafest 2014");

Insert into Panel values ("Japanese Tea Tasting", "Info/Discussion/How To", "Cassie Merrington", '403-514-9628', "SS 102", "G", "2013-05-18 13:00:00", "2013-05-18 14:00:00", "Special Events");
Insert into Panel values ("Self-Studying Japanese", "Info/Discussion/How To", "Brandon Ly", '403-159-6196', "ST 148", "G", "2013-05-18 15:00:00", "2013-05-18 16:30:00", "Special Events");
Insert into Panel values ("Anime Name That Tune", "Games/Contests", "Derek Cai", '403-161-6262', "ST 121", "G", "2013-05-18 17:00:00", "2013-05-18 18:00:00", "Special Events");
Insert into Panel values ("Bento Banzai", "Games/Contests", "Jay and Beefar", '403-160-1691', "SA 104", "G", "2013-05-18 14:00:00", "2013-05-18 15:00:00", "Special Events");
Insert into Panel values ("Anime Chess", "Games/Contests", "Katherine Mai", '403-296-1065', "ST 141", "G", "2013-05-18 11:00:00", "2013-05-18 13:00:00", "Special Events");
Insert into Panel values ("Pin Trading Party", "Interactive", "Gareth Lemming", '403-691-6010', "ST 122", "G", "2013-05-17 20:00:00", "2013-05-17 21:00:00", "Special Events");
Insert into Panel values ("Pin Trading Party", "Interactive", "Gareth Lemming", '403-691-6010', "ST 121", "G", "2013-05-18 20:00:00", "2013-05-18 21:00:00", "Special Events");
Insert into Panel values ("Bioware: How to Cope", "Fandom", "Candy Chan", '403-269-6026', "SA 104", "G", "2014-05-18 13:00:00", "2014-05-18 14:00:00", "Special Events");
Insert into Panel values ("A Guide to Skits", "Cosplay", "Mandei Lorine", '403-169-2999', "SA 108", "G", "2014-05-18 14:00:00", "2014-05-18 15:00:00", "Special Events");
Insert into Panel values ("Channel H! Ota Edition", "Interactive", "John Doe", '403-444-0044', "ST 121", "18+", "2014-05-18 22:00:00", "2014-05-18 23:00:00", "Special Events");
Insert into Panel values ("Cards Against Otafest", "Interactive", "Jane Doe", '403-444-0044', "ST 122", "18+", "2014-05-18 21:00:00", "2014-05-18 22:00:00", "Special Events");
Insert into Panel values ("Kimono and Yukata Fashion Show", "Info/Discussion/How To", "Clarice Mah", '403-619-1961', "ICT 121", "G", "2014-05-17 11:00:00", "2014-05-17 13:00:00", "Special Events");
Insert into Panel values ("Bento Banzai", "Games/Contests", "Jay and Beefar", '403-160-1691', "SA 104", "G", "2014-05-18 14:00:00", "2014-05-18 15:00:00", "Special Events");

Insert into Contest values ("Cosplay Craftsmanship", "Cosplay", "Otafest 2013");
Insert into Contest values ("Cosplay Fashion", "Cosplay", "Otafest 2013");
Insert into Contest values ("Cosplay Skit", "Cosplay", "Otafest 2013");
Insert into Contest values ("AMV Contest", "AV", "Otafest 2013");
Insert into Contest values ("Literature", "Arts", "Otafest 2013");
Insert into Contest values ("Mascot", "Arts", "Otafest 2013");
Insert into Contest values ("Cosplay Skit", "Cosplay", "Otafest 2014");
Insert into Contest values ("AMV Contest", "AV", "Otafest 2014");
Insert into Contest values ("MMV Contest", "AV", "Otafest 2014");
Insert into Contest values ("Literature", "Arts", "Otafest 2014");
Insert into Contest values ("Mascot", "Arts", "Otafest 2014");

Insert into Scholarship values ("Scholarship", "Otafest 2013", 1000, 013);
Insert into Scholarship values ("Scholarship", "Otafest 2013", 500, 012);
Insert into Scholarship values ("Scholarship", "Otafest 2014", 1000, 007);
Insert into Scholarship values ("Scholarship", "Otafest 2014", 500, 005);

Insert into ContestJudge values ("Mascot", "Otafest 2013", 001);
Insert into ContestJudge values ("Mascot", "Otafest 2013", 003);
Insert into ContestJudge values ("Literature", "Otafest 2013", 001);
Insert into ContestJudge values ("Literature", "Otafest 2013", 002);
Insert into ContestJudge values ("Cosplay Craftsmanship", "Otafest 2013", 005);
Insert into ContestJudge values ("Cosplay Fashion", "Otafest 2013", 009);
Insert into ContestJudge values ("Cosplay Skit", "Otafest 2013", 001);
Insert into ContestJudge values ("Mascot", "Otafest 2014", 001);
Insert into ContestJudge values ("AMV Contest", "Otafest 2014", 003);
Insert into ContestJudge values ("Cosplay Skit", "Otafest 2014", 000);
Insert into ContestJudge values ("MMV Contest", "Otafest 2014", 002);
Insert into ContestJudge values ("Literature", "Otafest 2014", 004);

Insert into ScholarshipJudge values ("Scholarship", "Otafest 2013", 001);
Insert into ScholarshipJudge values ("Scholarship", "Otafest 2013", 002);
Insert into ScholarshipJudge values ("Scholarship", "Otafest 2014", 003);
Insert into ScholarshipJudge values ("Scholarship", "Otafest 2014", 004);

/*set SQL_SAFE_UPDATES = 0;
Update Volunteer set volunteer_id = 100 where firstName="Em";
set SQL_SAFE_UPDATES = 1;*/